cat,name,code,protein,Ile,Leu,Lys,SAA,Met,Cys,AAA,Phe,Tyr,Thr,Trp,Val,Arg,His,Gly
畜肉,猪肉（代表值）,081101x,15.1,632,1221,1322,553,347,207,1207,611,595,704,125,727,1012,563,776
畜肉,猪肉（瘦）,081110x,20.7,796,1663,1710,717,496,221,1682,852,830,947,101,902,1325,767,917
畜肉,牛肉（代表值）,082101x,20.0,850,1563,1722,514,248,265,1460,789,671,893,125,936,1262,692,988
畜肉,牛肉（瘦，代表值）,082108x,22.6,879,1700,1849,563,351,212,1563,832,731,977,172,984,1313,760,901
畜肉,羊肉（代表值）,083101x,18.5,835,1541,1713,611,389,257,1380,755,693,932,143,992,1225,556,1026
畜肉,驴肉（瘦）,084101,21.5,913,1590,1783,667,300,367,1575,977,598,892,314,1031,1400,775,1098
畜肉,兔肉,089004,19.7,889,1571,1603,847,526,321,1681,885,796,835,286,1008,1351,632,909
禽肉,鸡胸脯肉,091112,24.6,930,1900,2020,980,730,250,1620,870,750,1080,300,1120,1560,870,990
禽肉,鸡腿,091113,20.2,610,1320,1430,670,490,180,1120,580,540,740,140,710,1150,420,900
禽肉,鸭（代表值）,092101x,15.5,673,1242,1289,529,319,210,1236,623,613,687,213,766,932,432,795
禽肉,鸽,099001,16.5,848,1508,1513,388,388,,1397,714,683,807,152,814,1371,415,796
禽肉,鹌鹑,099002,20.2,783,1378,1192,623,392,231,1479,743,736,785,311,910,949,380,750
蛋,鸡蛋（代表值）,111101x,13.1,649,1047,846,826,327,499,1146,652,495,588,187,636,743,266,394
蛋,鸡蛋白,111105,11.6,543,919,708,636,414,222,1041,640,401,438,165,654,628,217,339
蛋,鸡蛋黄,111107,15.2,835,1132,963,616,324,292,1114,588,526,661,239,805,959,309,397
蛋,鸭蛋,112101,12.6,583,1062,864,761,500,261,1281,711,570,694,210,722,693,256,408
蛋,鹌鹑蛋,114101,12.8,566,1003,816,612,361,251,1062,583,479,606,198,724,714,279,393
奶,纯牛奶（全脂，代表值）,101101x,3.3,146,291,230,92,70,22,254,140,114,132,54,178,94,78,54
奶,纯牛奶（脱脂，代表值）,101161x,3.5,157,301,251,96,73,23,283,144,139,151,,193,100,83,57
鱼,草鱼,121102,16.6,751,1310,1474,621,413,208,975,483,492,707,170,899,966,445,939
鱼,鲤鱼,121111,17.6,745,1270,1432,681,473,208,1177,651,526,693,222,863,1041,420,964
鱼,鲫鱼,121123,17.1,771,1334,1478,758,516,242,1255,704,551,739,178,862,1031,418,979
鱼,带鱼,121203,17.7,746,1313,1417,588,391,197,1262,685,577,719,207,810,1042,363,1111
鱼,黄鱼（小黄花鱼）,121242,17.0,700,1320,1500,730,540,190,1320,680,640,790,110,830,1020,300,750
鱼,海鲈鱼（鲜）,121250,19.5,700,1310,1500,580,500,80,1320,680,640,840,,750,970,360,820
鱼,石斑鱼（老虎斑）,121254,20.2,836,1533,1625,768,612,156,1494,802,692,885,,912,1260,480,1160
鱼,鳕鱼［明太鱼］,121239,20.4,862,1437,1523,808,608,200,1327,741,586,814,200,913,1109,336,1125
虾蟹贝,对虾,122106,18.6,757,1451,1457,708,516,192,1366,685,594,732,220,841,1864,400,1936
虾蟹贝,海蟹,123001,13.8,533,934,868,481,277,204,938,444,494,578,193,647,1126,356,739
虾蟹贝,河蟹,123002,17.5,676,1184,1101,610,351,259,1189,563,626,733,244,820,1428,451,938
虾蟹贝,扇贝（鲜）,124111,11.1,401,685,851,486,347,139,806,454,352,432,101,395,716,187,931
